director_name,movie_title,genres,language
James Cameron,Avatar ,Action|Adventure|Fantasy|Sci-Fi,English
Gore Verbinski,Pirates of the Caribbean: At World's End ,Action|Adventure|Fantasy,English
Sam Mendes,Spectre ,Action|Adventure|Thriller,English
Christopher Nolan,The Dark Knight Rises ,Action|Thriller,English
Doug Walker,Star Wars: Episode VII - The Force Awakens             ,Documentary,null
Andrew Stanton,John Carter ,Action|Adventure|Sci-Fi,English
Sam Raimi,Spider-Man 3 ,Action|Adventure|Romance,English
Nathan Greno,Tangled ,Adventure|Animation|Comedy|Family|Fantasy|Musical|Romance,English
Joss Whedon,Avengers: Age of Ultron ,Action|Adventure|Sci-Fi,English
David Yates,Harry Potter and the Half-Blood Prince ,Adventure|Family|Fantasy|Mystery,English
Zack Snyder,Batman v Superman: Dawn of Justice ,Action|Adventure|Sci-Fi,English
Bryan Singer,Superman Returns ,Action|Adventure|Sci-Fi,English
Marc Forster,Quantum of Solace ,Action|Adventure,English
Gore Verbinski,Pirates of the Caribbean: Dead Man's Chest ,Action|Adventure|Fantasy,English
Gore Verbinski,The Lone Ranger ,Action|Adventure|Western,English
Zack Snyder,Man of Steel ,Action|Adventure|Fantasy|Sci-Fi,English
Andrew Adamson,The Chronicles of Narnia: Prince Caspian ,Action|Adventure|Family|Fantasy,English
Joss Whedon,The Avengers ,Action|Adventure|Sci-Fi,English
Rob Marshall,Pirates of the Caribbean: On Stranger Tides ,Action|Adventure|Fantasy,English
Barry Sonnenfeld,Men in Black 3 ,Action|Adventure|Comedy|Family|Fantasy|Sci-Fi,English
Peter Jackson,The Hobbit: The Battle of the Five Armies ,Adventure|Fantasy,English
Marc Webb,The Amazing Spider-Man ,Action|Adventure|Fantasy,English
Ridley Scott,Robin Hood ,Action|Adventure|Drama|History,English
Peter Jackson,The Hobbit: The Desolation of Smaug ,Adventure|Fantasy,English
Chris Weitz,The Golden Compass ,Adventure|Family|Fantasy,English
Peter Jackson,King Kong ,Action|Adventure|Drama|Romance,English
James Cameron,Titanic ,Drama|Romance,English
Anthony Russo,Captain America: Civil War ,Action|Adventure|Sci-Fi,English
Peter Berg,Battleship ,Action|Adventure|Sci-Fi|Thriller,English
Colin Trevorrow,Jurassic World ,Action|Adventure|Sci-Fi|Thriller,English
Sam Mendes,Skyfall ,Action|Adventure|Thriller,English
Sam Raimi,Spider-Man 2 ,Action|Adventure|Fantasy|Romance,English
Shane Black,Iron Man 3 ,Action|Adventure|Sci-Fi,English
Tim Burton,Alice in Wonderland ,Adventure|Family|Fantasy,English
Brett Ratner,X-Men: The Last Stand ,Action|Adventure|Fantasy|Sci-Fi|Thriller,English
Dan Scanlon,Monsters University ,Adventure|Animation|Comedy|Family|Fantasy,English
Michael Bay,Transformers: Revenge of the Fallen ,Action|Adventure|Sci-Fi,English
Michael Bay,Transformers: Age of Extinction ,Action|Adventure|Sci-Fi,English
Sam Raimi,Oz the Great and Powerful ,Adventure|Family|Fantasy,English
Marc Webb,The Amazing Spider-Man 2 ,Action|Adventure|Fantasy|Sci-Fi,English
Joseph Kosinski,TRON: Legacy ,Action|Adventure|Sci-Fi,English
John Lasseter,Cars 2 ,Adventure|Animation|Comedy|Family|Sport,English
Martin Campbell,Green Lantern ,Action|Adventure|Sci-Fi,English
Lee Unkrich,Toy Story 3 ,Adventure|Animation|Comedy|Family|Fantasy,English
McG,Terminator Salvation ,Action|Adventure|Sci-Fi,English
James Wan,Furious 7 ,Action|Crime|Thriller,English
Marc Forster,World War Z ,Action|Adventure|Horror|Sci-Fi|Thriller,English
Bryan Singer,X-Men: Days of Future Past ,Action|Adventure|Fantasy|Sci-Fi|Thriller,English
J.J. Abrams,Star Trek Into Darkness ,Action|Adventure|Sci-Fi,English
Bryan Singer,Jack the Giant Slayer ,Adventure|Fantasy,English
Baz Luhrmann,The Great Gatsby ,Drama|Romance,English
Mike Newell,Prince of Persia: The Sands of Time ,Action|Adventure|Fantasy|Romance,English
Guillermo del Toro,Pacific Rim ,Action|Adventure|Sci-Fi,English
Michael Bay,Transformers: Dark of the Moon ,Action|Adventure|Sci-Fi,English
Steven Spielberg,Indiana Jones and the Kingdom of the Crystal Skull ,Action|Adventure|Fantasy,English
Peter Sohn,The Good Dinosaur ,Adventure|Animation|Comedy|Family|Fantasy,English
Mark Andrews,Brave ,Adventure|Animation|Comedy|Family|Fantasy,English
Justin Lin,Star Trek Beyond ,Action|Adventure|Sci-Fi|Thriller,English
Andrew Stanton,WALL·E ,Adventure|Animation|Family|Sci-Fi,English
Brett Ratner,Rush Hour 3 ,Action|Comedy|Crime|Thriller,English
Roland Emmerich,2012 ,Action|Adventure|Sci-Fi,English
Robert Zemeckis,A Christmas Carol ,Animation|Drama|Family|Fantasy,English
Lana Wachowski,Jupiter Ascending ,Action|Adventure|Sci-Fi,English
David Yates,The Legend of Tarzan ,Action|Adventure|Drama|Romance,English
Andrew Adamson,"The Chronicles of Narnia: The Lion, the Witch and the Wardrobe ",Adventure|Family|Fantasy,English
Bryan Singer,X-Men: Apocalypse ,Action|Adventure|Sci-Fi,English
Christopher Nolan,The Dark Knight ,Action|Crime|Drama|Thriller,English
Pete Docter,Up ,Adventure|Animation|Comedy|Family,English
Rob Letterman,Monsters vs. Aliens ,Action|Adventure|Animation|Comedy|Family|Sci-Fi,English
Jon Favreau,Iron Man ,Action|Adventure|Sci-Fi,English
Martin Scorsese,Hugo ,Adventure|Drama|Family|Mystery,English
Barry Sonnenfeld,Wild Wild West ,Action|Comedy|Sci-Fi|Western,English
Rob Cohen,The Mummy: Tomb of the Dragon Emperor ,Action|Adventure|Fantasy|Horror|Thriller,English
David Ayer,Suicide Squad ,Action|Adventure|Comedy|Sci-Fi,English
Tom Shadyac,Evan Almighty ,Comedy|Family|Fantasy,English
Doug Liman,Edge of Tomorrow ,Action|Adventure|Sci-Fi,English
Kevin Reynolds,Waterworld ,Action|Adventure|Sci-Fi|Thriller,English
Stephen Sommers,G.I. Joe: The Rise of Cobra ,Action|Adventure|Sci-Fi|Thriller,English
Pete Docter,Inside Out ,Adventure|Animation|Comedy|Drama|Family|Fantasy,English
Jon Favreau,The Jungle Book ,Adventure|Drama|Family|Fantasy,English
Jon Favreau,Iron Man 2 ,Action|Adventure|Sci-Fi,English
Rupert Sanders,Snow White and the Huntsman ,Action|Adventure|Drama|Fantasy,English
Robert Stromberg,Maleficent ,Action|Adventure|Family|Fantasy|Romance,English
Matt Reeves,Dawn of the Planet of the Apes ,Action|Adventure|Drama|Sci-Fi,English
Roland Joffé,The Lovers ,Action|Adventure|Romance|Sci-Fi,English
Carl Rinsch,47 Ronin ,Action|Adventure|Drama|Fantasy,English
Anthony Russo,Captain America: The Winter Soldier ,Action|Adventure|Sci-Fi,English
Mike Mitchell,Shrek Forever After ,Adventure|Animation|Comedy|Family|Fantasy,English
Brad Bird,Tomorrowland ,Action|Adventure|Family|Mystery|Sci-Fi,English
Don Hall,Big Hero 6 ,Action|Adventure|Animation|Comedy|Drama|Family|Sci-Fi,English
Rich Moore,Wreck-It Ralph ,Adventure|Animation|Comedy|Family|Sci-Fi,English
Robert Zemeckis,The Polar Express ,Adventure|Animation|Family|Fantasy,English
Roland Emmerich,Independence Day: Resurgence ,Action|Adventure|Sci-Fi,English
Dean DeBlois,How to Train Your Dragon ,Adventure|Animation|Family|Fantasy,English
Jonathan Mostow,Terminator 3: Rise of the Machines ,Action|Sci-Fi,English
James Gunn,Guardians of the Galaxy ,Action|Adventure|Sci-Fi,English
Christopher Nolan,Interstellar ,Adventure|Drama|Sci-Fi,English
Christopher Nolan,Inception ,Action|Adventure|Sci-Fi|Thriller,English
Hideaki Anno,Godzilla Resurgence ,Action|Adventure|Drama|Horror|Sci-Fi,Japanese
Peter Jackson,The Hobbit: An Unexpected Journey ,Adventure|Fantasy,English
Rob Cohen,The Fast and the Furious ,Action|Crime|Thriller,English
David Fincher,The Curious Case of Benjamin Button ,Drama|Fantasy|Romance,English
Matthew Vaughn,X-Men: First Class ,Action|Adventure|Sci-Fi,English
Francis Lawrence,The Hunger Games: Mockingjay - Part 2 ,Adventure|Sci-Fi,English
Jon Turteltaub,The Sorcerer's Apprentice ,Action|Adventure|Family|Fantasy,English
Wolfgang Petersen,Poseidon ,Action|Adventure|Drama|Thriller,English
James Bobin,Alice Through the Looking Glass ,Adventure|Family|Fantasy,English
Chris Miller,Shrek the Third ,Adventure|Animation|Comedy|Family|Fantasy,English
Duncan Jones,Warcraft ,Action|Adventure|Fantasy,English
Alan Taylor,Terminator Genisys ,Action|Adventure|Sci-Fi,English
Michael Apted,The Chronicles of Narnia: The Voyage of the Dawn Treader ,Adventure|Family|Fantasy,English
Michael Bay,Pearl Harbor ,Action|Drama|History|Romance|War,English
Michael Bay,Transformers ,Action|Adventure|Sci-Fi,English
Oliver Stone,Alexander ,Action|Adventure|Biography|Drama|History|Romance|War,English
David Yates,Harry Potter and the Order of the Phoenix ,Adventure|Family|Fantasy|Mystery,English
Mike Newell,Harry Potter and the Goblet of Fire ,Adventure|Family|Fantasy|Mystery,English
Peter Berg,Hancock ,Action|Drama,English
Francis Lawrence,I Am Legend ,Drama|Horror|Sci-Fi,English
Tim Burton,Charlie and the Chocolate Factory ,Adventure|Comedy|Family|Fantasy,English
Brad Bird,Ratatouille ,Animation|Comedy|Family|Fantasy,English
Christopher Nolan,Batman Begins ,Action|Adventure,English
Eric Darnell,Madagascar: Escape 2 Africa ,Action|Adventure|Animation|Comedy|Family,English
Shawn Levy,Night at the Museum: Battle of the Smithsonian ,Adventure|Comedy|Family|Fantasy,English
Gavin Hood,X-Men Origins: Wolverine ,Action|Adventure|Fantasy|Sci-Fi|Thriller,English
Lana Wachowski,The Matrix Revolutions ,Action|Sci-Fi,English
Chris Buck,Frozen ,Adventure|Animation|Comedy|Family|Fantasy|Musical,English
Lana Wachowski,The Matrix Reloaded ,Action|Sci-Fi,English
Alan Taylor,Thor: The Dark World ,Action|Adventure|Fantasy,English
George Miller,Mad Max: Fury Road ,Action|Adventure|Sci-Fi|Thriller,English
Ron Howard,Angels & Demons ,Mystery|Thriller,English
Kenneth Branagh,Thor ,Action|Adventure|Fantasy,English
Byron Howard,Bolt ,Adventure|Animation|Comedy|Drama|Family,English
Hoyt Yeatman,G-Force ,Action|Adventure|Animation|Comedy|Family|Fantasy|Sci-Fi,English
Jonathan Liebesman,Wrath of the Titans ,Action|Adventure|Fantasy,English
Tim Burton,Dark Shadows ,Comedy|Fantasy|Horror,English
Christopher McQuarrie,Mission: Impossible - Rogue Nation ,Action|Adventure|Thriller,English
Joe Johnston,The Wolfman ,Drama|Fantasy|Horror|Thriller,English
David Yates,The Legend of Tarzan ,Action|Adventure|Drama|Romance,English
Steve Hickner,Bee Movie ,Adventure|Animation|Comedy|Family,English
Jennifer Yuh Nelson,Kung Fu Panda 2 ,Action|Adventure|Animation|Comedy|Family,English
M. Night Shyamalan,The Last Airbender ,Action|Adventure|Family|Fantasy,English
J.J. Abrams,Mission: Impossible III ,Action|Adventure|Thriller,English
Roland Emmerich,White House Down ,Action|Drama|Thriller,English
Simon Wells,Mars Needs Moms ,Action|Adventure|Animation|Comedy|Family|Sci-Fi,English
David Bowers,Flushed Away ,Adventure|Animation|Comedy|Family,English
Joe Wright,Pan ,Adventure|Family|Fantasy,English
Rob Minkoff,Mr. Peabody & Sherman ,Adventure|Animation|Comedy|Family|Sci-Fi,English
Wolfgang Petersen,Troy ,Adventure,English
Eric Darnell,Madagascar 3: Europe's Most Wanted ,Adventure|Animation|Comedy|Family,English
Lee Tamahori,Die Another Day ,Action|Adventure|Thriller,English
Paul Feig,Ghostbusters ,Action|Comedy|Fantasy|Sci-Fi,English
Michael Bay,Armageddon ,Action|Adventure|Sci-Fi|Thriller,English
Barry Sonnenfeld,Men in Black II ,Action|Adventure|Comedy|Family|Fantasy|Mystery|Sci-Fi,English
Robert Zemeckis,Beowulf ,Action|Adventure|Animation|Fantasy,English
Alessandro Carloni,Kung Fu Panda 3 ,Action|Adventure|Animation|Comedy|Family,English
Brad Bird,Mission: Impossible - Ghost Protocol ,Action|Adventure|Thriller,English
Peter Ramsey,Rise of the Guardians ,Adventure|Animation|Family|Fantasy,English
Dean Parisot,Fun with Dick and Jane ,Comedy|Crime,English
Edward Zwick,The Last Samurai ,Action|Drama|History|War,English
Ridley Scott,Exodus: Gods and Kings ,Action|Adventure|Drama,English
J.J. Abrams,Star Trek ,Action|Adventure|Sci-Fi,English
Sam Raimi,Spider-Man ,Action|Adventure|Fantasy|Romance,English
Dean DeBlois,How to Train Your Dragon 2 ,Action|Adventure|Animation|Comedy|Family|Fantasy,English
Alex Proyas,Gods of Egypt ,Action|Adventure|Fantasy,English
Rob Cohen,Stealth ,Action|Adventure|Sci-Fi|Thriller,English
Zack Snyder,Watchmen ,Action|Drama|Mystery|Sci-Fi,English
Richard Donner,Lethal Weapon 4 ,Action|Crime|Thriller,English
Ang Lee,Hulk ,Action|Sci-Fi,English
Jon M. Chu,G.I. Joe: Retaliation ,Action|Adventure|Sci-Fi|Thriller,English
Breck Eisner,Sahara ,Action|Adventure|Comedy|Thriller,English
Hironobu Sakaguchi,Final Fantasy: The Spirits Within ,Action|Adventure|Animation|Fantasy|Romance|Sci-Fi,English
Joe Johnston,Captain America: The First Avenger ,Action|Adventure|Sci-Fi,English
Michael Apted,The World Is Not Enough ,Action|Adventure|Thriller,English
Peter Weir,Master and Commander: The Far Side of the World ,Action|Adventure|Drama|History|War,English
Bill Condon,The Twilight Saga: Breaking Dawn - Part 2 ,Adventure|Drama|Fantasy|Romance,English
George Miller,Happy Feet 2 ,Animation|Comedy|Family|Musical,English
Louis Leterrier,The Incredible Hulk ,Action|Adventure|Sci-Fi,English
null,Miami Vice             ,Action|Crime|Drama|Mystery|Thriller,English
Steven Spielberg,The BFG ,Adventure|Family|Fantasy,English
Alejandro G. Iñárritu,The Revenant ,Adventure|Drama|Thriller|Western,English
David Soren,Turbo ,Adventure|Animation|Comedy|Family|Sport,English
Gore Verbinski,Rango ,Adventure|Animation|Comedy|Family|Western,English
Eric Darnell,Penguins of Madagascar ,Adventure|Animation|Comedy|Family,English
Paul Greengrass,The Bourne Ultimatum ,Action|Mystery|Thriller,English
Mark Osborne,Kung Fu Panda ,Action|Adventure|Animation|Comedy|Family,English
Peyton Reed,Ant-Man ,Action|Adventure|Comedy|Sci-Fi,English
Francis Lawrence,The Hunger Games: Catching Fire ,Adventure|Sci-Fi|Thriller,English
Bill Condon,The Twilight Saga: Breaking Dawn - Part 2 ,Adventure|Drama|Fantasy|Romance,English
Tim Johnson,Home ,Adventure|Animation|Comedy|Family|Fantasy|Sci-Fi,English
Steven Spielberg,War of the Worlds ,Adventure|Sci-Fi|Thriller,English
Michael Bay,Bad Boys II ,Action|Comedy|Crime|Thriller,English
Chris Miller,Puss in Boots ,Action|Adventure|Animation|Comedy|Family|Fantasy,English
Phillip Noyce,Salt ,Action|Crime|Mystery|Thriller,English
Darren Aronofsky,Noah ,Action|Adventure|Drama,English
Steven Spielberg,The Adventures of Tintin ,Action|Adventure|Family|Mystery,English
Alfonso Cuarón,Harry Potter and the Prisoner of Azkaban ,Adventure|Family|Fantasy|Mystery,English
Baz Luhrmann,Australia ,Adventure|Drama|Romance|War,English
M. Night Shyamalan,After Earth ,Action|Adventure|Sci-Fi,English
Eric Leighton,Dinosaur ,Adventure|Animation|Family|Thriller,English
Matt Birch,Harry Potter and the Deathly Hallows: Part II ,Action|Fantasy,English
Shawn Levy,Night at the Museum: Secret of the Tomb ,Adventure|Comedy|Family|Fantasy,English
Tom McGrath,Megamind ,Action|Animation|Comedy|Family|Sci-Fi,English
Chris Columbus,Harry Potter and the Sorcerer's Stone ,Adventure|Family|Fantasy,English
Robert Schwentke,R.I.P.D. ,Action|Comedy|Fantasy,English
Hideaki Anno,Godzilla Resurgence ,Action|Adventure|Drama|Horror|Sci-Fi,Japanese
Gore Verbinski,Pirates of the Caribbean: The Curse of the Black Pearl ,Action|Adventure|Fantasy,English
Matt Birch,Harry Potter and the Deathly Hallows: Part I ,Fantasy,English
Francis Lawrence,The Hunger Games: Mockingjay - Part 1 ,Adventure|Sci-Fi|Thriller,English
Ron Howard,The Da Vinci Code ,Mystery|Thriller,English
Carlos Saldanha,Rio 2 ,Adventure|Animation|Comedy|Family|Musical,English
Bryan Singer,X-Men 2 ,Action|Adventure|Fantasy|Sci-Fi|Thriller,English
Justin Lin,Fast Five ,Action|Crime|Thriller,English
Guy Ritchie,Sherlock Holmes: A Game of Shadows ,Action|Adventure|Crime|Mystery|Thriller,English
Louis Leterrier,Clash of the Titans ,Action|Adventure|Fantasy,English
Paul Verhoeven,Total Recall ,Action|Sci-Fi,English
John McTiernan,The 13th Warrior ,Action|Adventure|History,English
Tony Gilroy,The Bourne Legacy ,Action|Adventure|Thriller,English
Joel Schumacher,Batman & Robin ,Action,English
Ron Howard,How the Grinch Stole Christmas ,Comedy|Family|Fantasy,English
Roland Emmerich,The Day After Tomorrow ,Action|Adventure|Sci-Fi|Thriller,English
John Woo,Mission: Impossible II ,Action|Adventure|Thriller,English
Wolfgang Petersen,The Perfect Storm ,Action|Adventure|Drama|Thriller,English
Tim Story,Fantastic 4: Rise of the Silver Surfer ,Action|Adventure|Sci-Fi|Thriller,English
Ang Lee,Life of Pi ,Adventure|Drama|Fantasy,English
Mark Steven Johnson,Ghost Rider ,Action|Fantasy|Thriller,English
Paul Greengrass,Jason Bourne ,Action|Thriller,English
McG,Charlie's Angels: Full Throttle ,Action|Adventure|Comedy|Crime,English
Ridley Scott,Prometheus ,Adventure|Mystery|Sci-Fi,English
Rob Minkoff,Stuart Little 2 ,Adventure|Animation|Comedy|Family|Fantasy,English
Neill Blomkamp,Elysium ,Action|Drama|Sci-Fi|Thriller,English
David Twohy,The Chronicles of Riddick ,Action|Adventure|Sci-Fi|Thriller,English
José Padilha,RoboCop ,Action|Crime|Sci-Fi|Thriller,English
Lana Wachowski,Speed Racer ,Action|Family|Sport,English
James L. Brooks,How Do You Know ,Comedy|Drama|Romance,English
James Mangold,Knight and Day ,Action|Comedy|Romance,English
Joseph Kosinski,Oblivion ,Action|Adventure|Mystery|Sci-Fi,English
George Lucas,Star Wars: Episode III - Revenge of the Sith ,Action|Adventure|Fantasy|Sci-Fi,English
George Lucas,Star Wars: Episode II - Attack of the Clones ,Action|Adventure|Fantasy|Sci-Fi,English
Pete Docter,"Monsters, Inc. ",Adventure|Animation|Comedy|Family|Fantasy,English
James Mangold,The Wolverine ,Action|Adventure|Sci-Fi|Thriller,English
George Lucas,Star Wars: Episode I - The Phantom Menace ,Action|Adventure|Fantasy|Sci-Fi,English
Kirk De Micco,The Croods ,Adventure|Animation|Comedy|Family|Fantasy,English
Frédéric Forestier,Asterix at the Olympic Games ,Adventure|Comedy|Family|Fantasy,French
John Woo,Windtalkers ,Action|Drama|War,English
Cedric Nicolas-Troyan,The Huntsman: Winter's War ,Action|Adventure|Drama|Fantasy,English
Jonathan Liebesman,Teenage Mutant Ninja Turtles ,Action|Adventure|Comedy|Sci-Fi,English
Alfonso Cuarón,Gravity ,Adventure|Drama|Sci-Fi|Thriller,English
Roger Donaldson,Dante's Peak ,Action|Adventure|Thriller,English
Dave Green,Teenage Mutant Ninja Turtles: Out of the Shadows ,Action|Adventure|Comedy|Sci-Fi,English
Josh Trank,Fantastic Four ,Action|Adventure|Sci-Fi,English
Shawn Levy,Night at the Museum ,Action|Adventure|Comedy|Family|Fantasy,English
Brad Peyton,San Andreas ,Action|Adventure|Drama|Thriller,English
Roger Spottiswoode,Tomorrow Never Dies ,Action|Adventure|Thriller,English
Roland Emmerich,The Patriot ,Action|Drama|History|War,English
Steven Soderbergh,Ocean's Twelve ,Crime|Thriller,English
Doug Liman,Mr. & Mrs. Smith ,Action|Comedy|Crime|Romance|Thriller,English
Robert Schwentke,Insurgent ,Adventure|Sci-Fi|Thriller,English
Martin Scorsese,The Aviator ,Biography|Drama,English
Rob Letterman,Gulliver's Travels ,Adventure|Comedy|Family|Fantasy,English
Michel Gondry,The Green Hornet ,Action|Comedy|Crime|Sci-Fi|Thriller,English
null,The A-Team             ,Action|Adventure|Crime,English
Noam Murro,300: Rise of an Empire ,Action|Drama|Fantasy|War,English
Raja Gosnell,The Smurfs ,Adventure|Animation|Comedy|Family|Fantasy,English
Will Finn,Home on the Range ,Animation|Comedy|Family|Music|Western,English
Robert Schwentke,Allegiant ,Action|Adventure|Mystery|Sci-Fi|Thriller,English
Shawn Levy,Real Steel ,Action|Drama|Sci-Fi|Sport,English
Raja Gosnell,The Smurfs 2 ,Adventure|Animation|Comedy|Family|Fantasy,English
Jan de Bont,Speed 2: Cruise Control ,Action|Crime|Romance|Thriller,English
Gavin Hood,Ender's Game ,Action|Sci-Fi,English
Len Wiseman,Live Free or Die Hard ,Action|Adventure|Thriller,English
Peter Jackson,The Lord of the Rings: The Fellowship of the Ring ,Action|Adventure|Drama|Fantasy,English
Frank Coraci,Around the World in 80 Days ,Action|Adventure|Comedy,English
Michael Mann,Ali ,Biography|Drama|Sport,English
Bo Welch,The Cat in the Hat ,Adventure|Comedy|Family|Fantasy,English
Alex Proyas,"I, Robot ",Action|Mystery|Sci-Fi|Thriller,English
Ridley Scott,Kingdom of Heaven ,Action|Adventure|Drama|History|War,English
Rob Minkoff,Stuart Little ,Adventure|Comedy|Family|Fantasy,English
Ron Clements,The Princess and the Frog ,Animation|Family|Fantasy|Musical|Romance,English
Ridley Scott,The Martian ,Adventure|Drama|Sci-Fi,English
Christopher Barnard,"10,000 B.C.             ",Comedy,null
Michael Bay,The Island ,Action|Adventure|Romance|Sci-Fi|Thriller,English
Peter Chelsom,Town & Country ,Comedy|Romance,English
Dominic Sena,Gone in Sixty Seconds ,Action|Crime|Thriller,English
Ridley Scott,Gladiator ,Action|Drama|Romance,English
Steven Spielberg,Minority Report ,Action|Mystery|Sci-Fi|Thriller,English
Chris Columbus,Harry Potter and the Chamber of Secrets ,Adventure|Family|Fantasy|Mystery,English
Martin Campbell,Casino Royale ,Action|Adventure|Thriller,English
Tim Burton,Planet of the Apes ,Action|Adventure|Sci-Fi|Thriller,English
James Cameron,Terminator 2: Judgment Day ,Action|Sci-Fi,English
Michael Mann,Public Enemies ,Biography|Crime|Drama|History|Romance,English
Ridley Scott,American Gangster ,Biography|Crime|Drama,English
James Cameron,True Lies ,Action|Comedy|Thriller,English
Tony Scott,The Taking of Pelham 1 2 3 ,Action|Crime|Thriller,English
Paul Weitz,Little Fockers ,Comedy|Romance,English
Adam McKay,The Other Guys ,Action|Comedy|Crime,English
Chuck Russell,Eraser ,Action|Drama|Mystery|Thriller,English
Quentin Tarantino,Django Unchained ,Drama|Western,English
Gary Trousdale,The Hunchback of Notre Dame ,Animation|Drama|Family|Musical|Romance,English
Mark Dindal,The Emperor's New Groove ,Adventure|Animation|Comedy|Family|Fantasy,English
Simon West,The Expendables 2 ,Action|Adventure|Thriller,English
Jon Turteltaub,National Treasure ,Action|Adventure|Comedy|Family|Mystery,English
Stefen Fangmeier,Eragon ,Action|Adventure|Family|Fantasy,English
Spike Jonze,Where the Wild Things Are ,Adventure|Drama|Family|Fantasy,English
Joe Wright,Pan ,Adventure|Family|Fantasy,English
Chris Wedge,Epic ,Adventure|Animation|Family|Fantasy,English
Florian Henckel von Donnersmarck,The Tourist ,Action|Romance|Thriller,English
Peter Hyams,End of Days ,Action|Fantasy|Horror|Mystery,English
Edward Zwick,Blood Diamond ,Adventure|Drama|Thriller,English
Martin Scorsese,The Wolf of Wall Street ,Biography|Comedy|Crime|Drama,English
Joel Schumacher,Batman Forever ,Action|Adventure|Fantasy,English
Paul Verhoeven,Starship Troopers ,Action|Sci-Fi|War,English
Tom Tykwer,Cloud Atlas ,Drama|Sci-Fi,English
Zack Snyder,Legend of the Guardians: The Owls of Ga'Hoole ,Action|Adventure|Animation|Family|Fantasy,English
Pitof,Catwoman ,Action|Crime|Fantasy|Romance|Thriller,English
Brett Ratner,Hercules ,Action|Adventure,English
Ron Clements,Treasure Planet ,Adventure|Animation|Family|Sci-Fi,English
Brad Silberling,Land of the Lost ,Adventure|Comedy|Sci-Fi,English
Patrick Hughes,The Expendables 3 ,Action|Adventure|Thriller,English
Ericson Core,Point Break ,Action|Crime|Sport|Thriller,English
Lawrence Guterman,Son of the Mask ,Comedy|Family|Fantasy,English
Ron Howard,In the Heart of the Sea ,Action|Adventure|Biography|Drama|History|Thriller,English
Ron Underwood,The Adventures of Pluto Nash ,Action|Comedy|Sci-Fi,English
Paul Greengrass,Green Zone ,Action|Drama|Thriller|War,English
Steve Martino,The Peanuts Movie ,Adventure|Animation|Comedy|Family,English
David Mamet,The Spanish Prisoner ,Drama|Mystery|Thriller,English
Stephen Sommers,The Mummy Returns ,Action|Adventure|Fantasy|Thriller,English
Martin Scorsese,Gangs of New York ,Crime|Drama,English
Yimou Zhang,The Flowers of War ,Drama|History|Romance|War,Mandarin
Ash Brannon,Surf's Up ,Animation|Comedy|Family|Sport,English
Frank Oz,The Stepford Wives ,Comedy|Sci-Fi|Thriller,English
Ridley Scott,Black Hawk Down ,Drama|History|War,English
Jay Roach,The Campaign ,Comedy,English
Luc Besson,The Fifth Element ,Action|Adventure|Sci-Fi,English
Michael Patrick King,Sex and the City 2 ,Comedy|Drama|Romance,English
Bibo Bergeron,The Road to El Dorado ,Adventure|Animation|Comedy|Family|Romance,English
Steve Martino,Ice Age: Continental Drift ,Adventure|Animation|Comedy|Family,English
Kenneth Branagh,Cinderella ,Drama|Family|Fantasy|Romance,English
Peter Jackson,The Lovely Bones ,Drama|Fantasy|Thriller,English
Andrew Stanton,Finding Nemo ,Adventure|Animation|Comedy|Family,English
Peter Jackson,The Lord of the Rings: The Return of the King ,Action|Adventure|Drama|Fantasy,English
Peter Jackson,The Lord of the Rings: The Two Towers ,Action|Adventure|Drama|Fantasy,English
Sergey Bodrov,Seventh Son ,Action|Adventure|Fantasy,English
Simon West,Lara Croft: Tomb Raider ,Action|Adventure|Fantasy|Thriller,English
Wally Pfister,Transcendence ,Drama|Mystery|Romance|Sci-Fi|Thriller,English
Joe Johnston,Jurassic Park III ,Action|Adventure|Sci-Fi|Thriller,English
Rupert Wyatt,Rise of the Planet of the Apes ,Action|Drama|Sci-Fi|Thriller,English
Mark Waters,The Spiderwick Chronicles ,Adventure|Family|Fantasy,English
John Moore,A Good Day to Die Hard ,Action|Thriller,English
John Lee Hancock,The Alamo ,Drama|History|War|Western,English
Brad Bird,The Incredibles ,Action|Adventure|Animation|Family,English
Renny Harlin,Cutthroat Island ,Action|Adventure|Comedy,English
Chris Columbus,Percy Jackson & the Olympians: The Lightning Thief ,Adventure|Family|Fantasy,English
Barry Sonnenfeld,Men in Black ,Adventure|Comedy|Family|Mystery|Sci-Fi,English
John Lasseter,Toy Story 2 ,Adventure|Animation|Comedy|Family|Fantasy,English
Tony Scott,Unstoppable ,Action|Thriller,English
Brett Ratner,Rush Hour 2 ,Action|Comedy|Crime|Thriller,English
Robert Zemeckis,What Lies Beneath ,Drama|Fantasy|Horror|Mystery|Thriller,English
Phil Lord,Cloudy with a Chance of Meatballs ,Animation|Comedy|Family|Sci-Fi,English
Carlos Saldanha,Ice Age: Dawn of the Dinosaurs ,Action|Adventure|Animation|Comedy|Family,English
Ben Stiller,The Secret Life of Walter Mitty ,Adventure|Comedy|Drama|Fantasy|Romance,English
McG,Charlie's Angels ,Action|Adventure|Comedy|Crime|Thriller,English
Martin Scorsese,The Departed ,Crime|Drama|Thriller,English
Tony Bancroft,Mulan ,Adventure|Animation|Family|Fantasy|Musical|War,English
Ben Stiller,Tropic Thunder ,Action|Comedy,English
David Fincher,The Girl with the Dragon Tattoo ,Crime|Drama|Mystery|Thriller,English
John McTiernan,Die Hard with a Vengeance ,Action|Adventure|Thriller,English
Guy Ritchie,Sherlock Holmes ,Action|Adventure|Crime|Mystery|Thriller,English
Timur Bekmambetov,Ben-Hur ,Adventure|Drama|History,English
Gary Trousdale,Atlantis: The Lost Empire ,Action|Adventure|Animation|Family|Fantasy|Sci-Fi,English
Walt Becker,Alvin and the Chipmunks: The Road Chip ,Adventure|Animation|Comedy|Family|Fantasy|Music,English
Bryan Singer,Valkyrie ,Drama|History|Thriller|War,English
Dennis Dugan,You Don't Mess with the Zohan ,Action|Comedy,English
Chris Columbus,Pixels ,Action|Animation|Comedy|Sci-Fi,English
Steven Spielberg,A.I. Artificial Intelligence ,Adventure|Drama|Sci-Fi,English
Rob Minkoff,The Haunted Mansion ,Comedy|Family|Fantasy|Horror|Mystery,English
Robert Zemeckis,Contact ,Drama|Mystery|Sci-Fi|Thriller,English
Paul Verhoeven,Hollow Man ,Action|Horror|Sci-Fi|Thriller,English
Sydney Pollack,The Interpreter ,Crime|Mystery|Thriller,Aboriginal
Thor Freudenthal,Percy Jackson: Sea of Monsters ,Adventure|Family|Fantasy,English
Jan de Bont,Lara Croft Tomb Raider: The Cradle of Life ,Action|Adventure|Fantasy,English
Jon M. Chu,Now You See Me 2 ,Action|Adventure|Comedy|Crime|Mystery|Thriller,English
Phillip Noyce,The Saint ,Action|Adventure|Romance|Sci-Fi|Thriller,English
Tony Scott,Spy Game ,Action|Crime|Thriller,English
Brian De Palma,Mission to Mars ,Adventure|Sci-Fi|Thriller,English
Carlos Saldanha,Rio ,Adventure|Animation|Comedy|Family|Musical,English
Chris Columbus,Bicentennial Man ,Comedy|Drama|Sci-Fi,English
Mick Jackson,Volcano ,Action|Drama|Sci-Fi|Thriller,English
Alan J. Pakula,The Devil's Own ,Action|Crime|Drama|Thriller,English
Kathryn Bigelow,K-19: The Widowmaker ,Drama|History|Thriller|War,English
Josh Trank,Fantastic Four ,Action|Adventure|Sci-Fi,English
John Milius,Conan the Barbarian ,Adventure|Fantasy,English
Ron Howard,Cinderella Man ,Biography|Drama|Sport,English
Andrey Konchalovskiy,The Nutcracker in 3D ,Action|Family|Fantasy|Musical,English
Gary Ross,Seabiscuit ,Drama|History|Sport,English
Jan de Bont,Twister ,Action|Adventure|Drama|Thriller,English
Rob Cohen,The Fast and the Furious ,Action|Crime|Thriller,English
Robert Zemeckis,Cast Away ,Adventure|Drama|Romance,English
George Miller,Happy Feet ,Animation|Comedy|Family|Music|Romance,English
Paul Greengrass,The Bourne Supremacy ,Action|Mystery|Thriller,English
Wolfgang Petersen,Air Force One ,Action|Adventure|Drama|Thriller,English
Steven Soderbergh,Ocean's Eleven ,Crime|Thriller,English
Paul W.S. Anderson,The Three Musketeers ,Action|Adventure|Romance,English
Genndy Tartakovsky,Hotel Transylvania ,Animation|Comedy|Family|Fantasy,English
Kevin Lima,Enchanted ,Animation|Comedy|Family|Fantasy|Musical|Romance,English
null,Hannibal             ,Crime|Drama|Horror|Mystery|Thriller,English
Daniel Espinosa,Safe House ,Action|Crime|Mystery|Thriller,English
Kevin Lima,102 Dalmatians ,Adventure|Comedy|Family,English
Brett Ratner,Tower Heist ,Action|Comedy|Crime,English
Nancy Meyers,The Holiday ,Comedy|Romance,English
Tony Scott,Enemy of the State ,Action|Crime|Drama|Mystery|Thriller,English
Nancy Meyers,It's Complicated ,Comedy|Drama|Romance,English
Steven Soderbergh,Ocean's Thirteen ,Crime|Thriller,English
Roger Allers,Open Season ,Adventure|Animation|Comedy|Family,English
Neil Burger,Divergent ,Adventure|Mystery|Sci-Fi,English
Jean-Jacques Annaud,Enemy at the Gates ,Drama|History|War,English
Peter Berg,The Rundown ,Action|Adventure|Comedy|Thriller,English
John McTiernan,Last Action Hero ,Action|Adventure|Comedy|Fantasy,English
Rob Marshall,Memoirs of a Geisha ,Drama|Romance,English
Justin Lin,The Fast and the Furious: Tokyo Drift ,Action|Crime|Thriller,English
Sarah Smith,Arthur Christmas ,Adventure|Animation|Comedy|Family|Fantasy,English
Martin Brest,Meet Joe Black ,Drama|Fantasy|Romance,English
Andrew Davis,Collateral Damage ,Action|Drama|Thriller,English
Bob Fosse,All That Jazz ,Comedy|Drama|Music|Musical,English
Tarsem Singh,Mirror Mirror ,Adventure|Comedy|Drama|Family|Fantasy,English
Edgar Wright,Scott Pilgrim vs. the World ,Action|Comedy|Fantasy|Romance,English
Jon Amiel,The Core ,Action|Adventure|Sci-Fi|Thriller,English
Peter Segal,Nutty Professor II: The Klumps ,Comedy|Romance|Sci-Fi,English
Raja Gosnell,Scooby-Doo ,Adventure|Comedy|Mystery,English
Pete Travis,Dredd ,Action|Sci-Fi,English
Frank Coraci,Click ,Comedy|Drama|Fantasy|Romance,English
George A. Romero,Creepshow ,Comedy|Fantasy|Horror,English
Brad Peyton,Cats & Dogs: The Revenge of Kitty Galore ,Action|Comedy|Family|Fantasy,English
Doug Liman,Jumper ,Action|Adventure|Sci-Fi|Thriller,English
Guillermo del Toro,Hellboy II: The Golden Army ,Action|Adventure|Fantasy|Horror|Sci-Fi,English
David Fincher,Zodiac ,Crime|Drama|History|Mystery|Thriller,English
Roger Spottiswoode,The 6th Day ,Action|Mystery|Sci-Fi|Thriller,English
Tom Shadyac,Bruce Almighty ,Comedy|Drama,English
Sylvester Stallone,The Expendables ,Action|Adventure|Thriller,English
Brian De Palma,Mission: Impossible ,Action|Adventure|Thriller,English
Gary Ross,The Hunger Games ,Adventure|Drama|Sci-Fi|Thriller,English
Todd Phillips,The Hangover Part II ,Comedy,English
Tim Burton,Batman Returns ,Action,English
Tim Johnson,Over the Hedge ,Adventure|Animation|Comedy|Family,English
Dean DeBlois,Lilo & Stitch ,Adventure|Animation|Comedy|Drama|Family|Fantasy|Sci-Fi,English
Gary Winick,Charlotte's Web ,Comedy|Family|Fantasy,English
Mimi Leder,Deep Impact ,Action|Drama|Romance|Sci-Fi|Thriller,English
Dean Parisot,RED 2 ,Action|Comedy|Crime|Thriller,English
Peter Segal,The Longest Yard ,Comedy|Crime|Sport,English
Mike Mitchell,Alvin and the Chipmunks: Chipwrecked ,Adventure|Animation|Comedy|Family|Fantasy|Music,English
Dennis Dugan,Grown Ups 2 ,Comedy,English
Peter Segal,Get Smart ,Action|Adventure|Comedy,English
Nancy Meyers,Something's Gotta Give ,Comedy|Drama|Romance,English
Martin Scorsese,Shutter Island ,Mystery|Thriller,English
Seth Gordon,Four Christmases ,Comedy|Drama|Romance,English
Chris Wedge,Robots ,Adventure|Animation|Comedy|Family|Sci-Fi,English
John Woo,Face/Off ,Action|Crime|Sci-Fi|Thriller,English
Adam Shankman,Bedtime Stories ,Comedy|Family|Fantasy|Romance,English
Sam Mendes,Road to Perdition ,Crime|Drama|Thriller,English
Dennis Dugan,Just Go with It ,Comedy|Romance,English
null,Daredevil             ,Action|Adventure|Crime|Drama|Sci-Fi|Thriller,English
Simon West,Con Air ,Action|Crime|Thriller,English
D.J. Caruso,Eagle Eye ,Action|Mystery|Thriller,English
Anthony Minghella,Cold Mountain ,Adventure|Drama|History|Romance|War,English
Albert Hughes,The Book of Eli ,Action|Adventure|Drama|Thriller,English
Les Mayfield,Flubber ,Comedy|Family|Sci-Fi,English
Jan de Bont,The Haunting ,Fantasy|Horror|Mystery|Thriller,English
Joe Pytka,Space Jam ,Adventure|Animation|Comedy|Family|Fantasy|Sci-Fi|Sport,English
Shawn Levy,The Pink Panther ,Adventure|Comedy|Crime|Family|Mystery,English
Scott Derrickson,The Day the Earth Stood Still ,Drama|Sci-Fi|Thriller,English
Richard Donner,Conspiracy Theory ,Action|Crime|Mystery|Romance|Thriller,English
David Ayer,Fury ,Action|Drama|War,English
Ivan Reitman,Six Days Seven Nights ,Action|Adventure|Comedy|Romance,English
Eric Brevig,Yogi Bear ,Adventure|Animation|Comedy|Family,English
Kelly Asbury,Spirit: Stallion of the Cimarron ,Adventure|Animation|Family|Western,English
Frank Coraci,Zookeeper ,Comedy|Family|Romance,English
Stephen Hopkins,Lost in Space ,Action|Adventure|Family|Sci-Fi|Thriller,English
Jonathan Demme,The Manchurian Candidate ,Drama|Mystery|Sci-Fi|Thriller,English
Henry Jaglom,Déjà Vu ,Drama|Romance,English
Genndy Tartakovsky,Hotel Transylvania 2 ,Animation|Comedy|Family|Fantasy,English
null,Bewitched             ,Comedy|Family|Fantasy,English
James Algar,Fantasia 2000 ,Animation|Family|Fantasy|Music,English
Simon Wells,The Time Machine ,Action|Adventure|Sci-Fi,English
Ron Underwood,Mighty Joe Young ,Action|Adventure|Family|Fantasy|Thriller,English
Dominic Sena,Swordfish ,Action|Crime|Thriller,English
Martin Campbell,The Legend of Zorro ,Action|Adventure|Western,Spanish
Vincent Ward,What Dreams May Come ,Drama|Fantasy|Romance,English
Steven Brill,Little Nicky ,Comedy|Fantasy,English
Terry Gilliam,The Brothers Grimm ,Action|Adventure|Comedy|Fantasy|Thriller,English
Tim Burton,Mars Attacks! ,Action|Comedy|Sci-Fi,English
Lucile Hadzihalilovic,Evolution ,Drama|Horror|Mystery|Sci-Fi,French
Lee Tamahori,The Edge ,Action|Adventure|Drama|Thriller,English
Jonathan Mostow,Surrogates ,Action|Sci-Fi|Thriller,English
Roger Donaldson,Thirteen Days ,Drama|History|Thriller,English
Rob Cohen,Daylight ,Action|Adventure|Drama|Thriller,English
Barry Cook,Walking with Dinosaurs 3D ,Adventure|Animation|Family,English
Roger Christian,Battlefield Earth ,Action|Adventure|Sci-Fi,English
Joe Dante,Looney Tunes: Back in Action ,Adventure|Animation|Comedy|Family|Fantasy|Sci-Fi,English
Rob Marshall,Nine ,Drama|Musical|Romance,English
Richard Donner,Timeline ,Action|Adventure|Sci-Fi,English
Kevin Costner,The Postman ,Action|Adventure|Drama|Sci-Fi,English
George Miller,Babe: Pig in the City ,Adventure|Comedy|Drama|Family|Fantasy,English
Breck Eisner,The Last Witch Hunter ,Action|Adventure|Fantasy,English
Antony Hoffman,Red Planet ,Action|Sci-Fi|Thriller,English
Luc Besson,Arthur and the Invisibles ,Adventure|Animation|Family|Fantasy,English
Jacques Perrin,Oceans ,Documentary|Drama,French
Peter Hyams,A Sound of Thunder ,Action|Adventure|Horror|Sci-Fi|Thriller,English
Paul W.S. Anderson,Pompeii ,Action|Adventure|Drama|History|Romance,English
Andrés Couturier,Top Cat Begins ,Animation|Family,Spanish
Ron Howard,A Beautiful Mind ,Biography|Drama,English
Roger Allers,The Lion King ,Adventure|Animation|Drama|Family|Musical,English
Brad Peyton,Journey 2: The Mysterious Island ,Action|Adventure|Comedy|Family|Fantasy|Sci-Fi,English
Cody Cameron,Cloudy with a Chance of Meatballs 2 ,Animation|Comedy|Family|Fantasy|Sci-Fi,English
Brett Ratner,Red Dragon ,Crime|Drama|Thriller,English
Joe Johnston,Hidalgo ,Action|Adventure|Western,English
Dennis Dugan,Jack and Jill ,Comedy,English
John Singleton,2 Fast 2 Furious ,Action|Crime|Thriller,English
Mark Osborne,The Little Prince ,Adventure|Animation|Drama|Family|Fantasy,English
Oliver Hirschbiegel,The Invasion ,Sci-Fi|Thriller,English
Des McAnuff,The Adventures of Rocky & Bullwinkle ,Adventure|Animation|Comedy|Family|Fantasy,English
Yarrow Cheney,The Secret Life of Pets ,Animation|Comedy|Family,English
Stephen Norrington,The League of Extraordinary Gentlemen ,Action|Adventure|Fantasy|Sci-Fi,English
Pierre Coffin,Despicable Me 2 ,Animation|Comedy|Family|Sci-Fi,English
Roland Emmerich,Independence Day ,Action|Adventure|Sci-Fi,English
Steven Spielberg,The Lost World: Jurassic Park ,Action|Adventure|Sci-Fi,English
Eric Darnell,Madagascar ,Adventure|Animation|Comedy|Family,English
Alfonso Cuarón,Children of Men ,Drama|Sci-Fi|Thriller,English
Bryan Singer,X-Men ,Action|Adventure|Sci-Fi,English
Timur Bekmambetov,Wanted ,Action|Crime|Fantasy|Thriller,English
Michael Bay,The Rock ,Action|Adventure|Thriller,English
Carlos Saldanha,Ice Age: The Meltdown ,Action|Adventure|Animation|Comedy|Family|Fantasy,English
Peter Segal,50 First Dates ,Comedy|Romance,English
Adam Shankman,Hairspray ,Comedy|Drama|Family|Music|Musical|Romance,English
Renny Harlin,Exorcist: The Beginning ,Horror|Mystery|Thriller,English
David Kellogg,Inspector Gadget ,Action|Adventure|Comedy|Family|Sci-Fi,English
Louis Leterrier,Now You See Me ,Crime|Mystery|Thriller,English
Dennis Dugan,Grown Ups ,Comedy,English
Steven Spielberg,The Terminal ,Comedy|Drama,English
null,Constantine             ,Drama|Fantasy|Horror|Thriller,English
Thor Freudenthal,Hotel for Dogs ,Comedy|Family,English
Martin Campbell,Vertical Limit ,Action|Adventure|Drama|Thriller,English
Mike Nichols,Charlie Wilson's War ,Biography|Comedy|Drama|History,English
Bibo Bergeron,Shark Tale ,Adventure|Animation|Comedy|Family,English
Bill Condon,Dreamgirls ,Drama|Music|Musical,English
null,Life             ,Crime|Drama|Mystery,English
F. Gary Gray,Be Cool ,Comedy|Crime|Music,English
Steven Spielberg,Munich ,Drama|History|Thriller,English
Antoine Fuqua,Tears of the Sun ,Action|Drama|Thriller|War,English
Robert Luketic,Killers ,Action|Comedy|Romance|Thriller,English
Guy Ritchie,The Man from U.N.C.L.E. ,Action|Adventure|Comedy,English
James L. Brooks,Spanglish ,Comedy|Drama|Romance,English
Gil Kenan,Monster House ,Animation|Comedy|Family|Fantasy|Mystery,English
Barry Levinson,Bandits ,Comedy|Crime|Drama|Romance,English
Jerry Zucker,First Knight ,Action|Adventure|Romance|Thriller,English
Andy Tennant,Anna and the King ,Drama|History|Romance,English
Tarsem Singh,Immortals ,Action|Drama|Fantasy|Romance,English
Florent-Emilio Siri,Hostage ,Action|Crime|Drama|Mystery|Thriller,English
Don Bluth,Titan A.E. ,Action|Adventure|Animation|Family|Sci-Fi,English
Ron Shelton,Hollywood Homicide ,Action|Comedy|Crime|Thriller,English
Paul W.S. Anderson,Soldier ,Action|Drama|Sci-Fi,English
David Pastor,Carriers ,Drama|Horror|Sci-Fi|Thriller,English
Henry Selick,Monkeybone ,Animation|Comedy|Fantasy,English
John Moore,Flight of the Phoenix ,Action|Adventure|Drama|Thriller,English
M. Night Shyamalan,Unbreakable ,Drama|Mystery|Sci-Fi|Thriller,English
Kyle Balda,Minions ,Action|Animation|Comedy|Family|Sci-Fi,English
Zack Snyder,Sucker Punch ,Action|Fantasy,English
Brian De Palma,Snake Eyes ,Crime|Mystery|Thriller,English
Barry Levinson,Sphere ,Drama|Mystery|Sci-Fi|Thriller,English
Clay Kaytis,The Angry Birds Movie ,Action|Animation|Comedy|Family,English
Andy Tennant,Fool's Gold ,Action|Adventure|Comedy|Romance|Thriller,English
Judd Apatow,Funny People ,Comedy|Drama,English
Peter Berg,The Kingdom ,Action|Drama|Thriller,English
Adam McKay,Talladega Nights: The Ballad of Ricky Bobby ,Action|Comedy|Sport,English
Steve Carr,Dr. Dolittle 2 ,Comedy|Family|Fantasy,English
Mel Gibson,Braveheart ,Biography|Drama|History|War,English
Sam Mendes,Jarhead ,Action|Drama|War,English
David Silverman,The Simpsons Movie ,Adventure|Animation|Comedy,English
Frank Darabont,The Majestic ,Drama|Romance,English
Renny Harlin,Driven ,Action|Drama|Sport,English
Jean-Jacques Annaud,Two Brothers ,Adventure|Drama|Family,English
M. Night Shyamalan,The Village ,Drama|Mystery|Romance|Thriller,English
Betty Thomas,Doctor Dolittle ,Comedy|Family|Fantasy,English
M. Night Shyamalan,Signs ,Drama|Sci-Fi|Thriller,English
Andrew Adamson,Shrek 2 ,Adventure|Animation|Comedy|Family|Fantasy|Romance,English
John Lasseter,Cars ,Adventure|Animation|Comedy|Family|Sport,English
Garry Marshall,Runaway Bride ,Comedy|Romance,English
Rob Cohen,xXx ,Action|Adventure|Thriller,English
Paul Tibbitt,The SpongeBob Movie: Sponge Out of Water ,Adventure|Animation|Comedy|Family|Fantasy,English
Ron Howard,Ransom ,Crime|Thriller,English
Quentin Tarantino,Inglourious Basterds ,Adventure|Drama|War,English
Steven Spielberg,Hook ,Adventure|Comedy|Family|Fantasy,English
Brett Ratner,Hercules ,Action|Adventure,English
Renny Harlin,Die Hard 2 ,Action|Thriller,English
Clark Johnson,S.W.A.T. ,Action|Adventure|Crime|Thriller,English
null,Sleepy Hollow             ,Adventure|Drama|Fantasy|Mystery|Thriller,English
Cameron Crowe,Vanilla Sky ,Fantasy|Mystery|Romance|Sci-Fi|Thriller,English
M. Night Shyamalan,Lady in the Water ,Drama|Fantasy|Mystery|Thriller,English
Paul W.S. Anderson,AVP: Alien vs. Predator ,Action|Horror|Sci-Fi|Thriller,English
Betty Thomas,Alvin and the Chipmunks: The Squeakquel ,Animation|Comedy|Family|Fantasy|Music,English
Randall Wallace,We Were Soldiers ,Action|Drama|History|War,English
Antoine Fuqua,Olympus Has Fallen ,Action|Thriller,English
Jonathan Frakes,Star Trek: Insurrection ,Action|Adventure|Sci-Fi|Thriller,English
Jonathan Liebesman,Battle Los Angeles ,Action|Sci-Fi,English
Tim Burton,Big Fish ,Adventure|Drama|Fantasy,English
Mike Nichols,Wolf ,Drama|Horror|Romance|Thriller,English
Steven Spielberg,War Horse ,Drama|War,English
George Clooney,The Monuments Men ,Drama|War,English
James Cameron,The Abyss ,Adventure|Drama|Sci-Fi|Thriller,English
Oliver Stone,Wall Street: Money Never Sleeps ,Drama,English
Gary Shore,Dracula Untold ,Action|Drama|Fantasy|Horror|War,English
Edward Zwick,The Siege ,Action|Thriller,English
Matthew Vaughn,Stardust ,Adventure|Family|Fantasy|Romance,English
Jean-Jacques Annaud,Seven Years in Tibet ,Adventure|Biography|Drama|History|War,English
Ron Howard,The Dilemma ,Comedy|Drama,English
Joel Schumacher,Bad Company ,Action|Adventure|Comedy|Thriller,English
Andrzej Bartkowiak,Doom ,Action|Adventure|Horror|Sci-Fi,English
Betty Thomas,I Spy ,Action|Adventure|Comedy|Thriller,English
Måns Mårlind,Underworld: Awakening ,Action|Fantasy|Horror,English
Adam Shankman,Rock of Ages ,Comedy|Drama|Musical|Romance,English
Gregory Hoblit,Hart's War ,Drama|War,English
Gary McKendry,Killer Elite ,Action|Crime|Thriller,English
John McTiernan,Rollerball ,Action|Sci-Fi|Sport,English
Wych Kaosayananda,Ballistic: Ecks vs. Sever ,Action|Crime|Sci-Fi|Thriller,English
Mikael Salomon,Hard Rain ,Action|Crime|Drama|Thriller,English
Bobby Farrelly,Osmosis Jones ,Action|Adventure|Animation|Comedy|Crime|Family|Fantasy,English
Will Finn,Legends of Oz: Dorothy's Return ,Adventure|Animation|Family|Fantasy|Musical,English
Michael Mann,Blackhat ,Action|Crime|Drama|Mystery|Thriller,English
Kerry Conran,Sky Captain and the World of Tomorrow ,Action|Adventure|Mystery|Sci-Fi|Thriller,English
Michael Caton-Jones,Basic Instinct 2 ,Crime|Mystery|Thriller,English
Mikael Håfström,Escape Plan ,Action|Crime|Mystery|Sci-Fi|Thriller,English
Renny Harlin,The Legend of Hercules ,Action|Adventure|Fantasy,English
Phil Alden Robinson,The Sum of All Fears ,Action|Drama|Thriller,English
David Slade,The Twilight Saga: Eclipse ,Adventure|Drama|Fantasy|Romance,English
Frank Oz,The Score ,Crime|Drama|Thriller,English
Pierre Coffin,Despicable Me ,Animation|Comedy|Family,English
Joseph Ruben,Money Train ,Action|Comedy|Crime|Drama|Thriller,English
Seth MacFarlane,Ted 2 ,Comedy,English
Alejandro Amenábar,Agora ,Adventure|Drama|History|Romance,English
Kinka Usher,Mystery Men ,Action|Comedy|Fantasy|Sci-Fi,English
Bobby Farrelly,Hall Pass ,Comedy|Romance,English
Michael Mann,The Insider ,Biography|Drama|Thriller,English
Craig Gillespie,The Finest Hours ,Action|Drama|History|Thriller,English
Ridley Scott,Body of Lies ,Action|Drama|Thriller,English
Jay Roach,Dinner for Schmucks ,Comedy,English
Timur Bekmambetov,Abraham Lincoln: Vampire Hunter ,Action|Fantasy|Horror,English
Jon Amiel,Entrapment ,Action|Crime|Romance|Thriller,English
null,Last Man Standing             ,Comedy,English
Rob Bowman,The X Files ,Drama|Mystery|Sci-Fi|Thriller,English
Doug Lefler,The Last Legion ,Action|Adventure|Fantasy|War,English
Steven Spielberg,Saving Private Ryan ,Action|Drama|War,English
Scott Waugh,Need for Speed ,Action|Crime|Drama|Thriller,English
Nancy Meyers,What Women Want ,Comedy|Fantasy|Romance,English
Chris Wedge,Ice Age ,Adventure|Animation|Comedy|Family,English
Lawrence Kasdan,Dreamcatcher ,Drama|Horror|Sci-Fi|Thriller,English
Steven Spielberg,Lincoln ,Biography|Drama|History|War,English
Lana Wachowski,The Matrix ,Action|Sci-Fi,English
Ron Howard,Apollo 13 ,Adventure|Drama|History,English
Paul Verhoeven,Total Recall ,Action|Sci-Fi,English
Michael Lembeck,The Santa Clause 2 ,Comedy|Family|Fantasy,English
Tom Hooper,Les Misérables ,Drama|Musical|Romance,English
Nora Ephron,You've Got Mail ,Comedy|Drama|Romance,English
Adam McKay,Step Brothers ,Comedy,English
Martin Campbell,The Mask of Zorro ,Action|Adventure|Comedy|Romance|Thriller|Western,English
Todd Phillips,Due Date ,Comedy|Drama,English
Angelina Jolie Pitt,Unbroken ,Biography|Drama|Sport|War,English
Clint Eastwood,Space Cowboys ,Action|Adventure|Thriller,English
Renny Harlin,Cliffhanger ,Action|Adventure|Thriller,English
John Woo,Broken Arrow ,Action|Crime|Thriller,English
Jon Turteltaub,The Kid ,Comedy|Family|Fantasy,English
Oliver Stone,World Trade Center ,Drama|History|Thriller,English
Mike Newell,Mona Lisa Smile ,Drama,English
Larry Charles,The Dictator ,Comedy|Romance,English
Stanley Kubrick,Eyes Wide Shut ,Drama|Mystery|Thriller,English
Will Gluck,Annie ,Comedy|Drama|Family|Musical,English
Glenn Ficarra,Focus ,Comedy|Crime|Drama|Romance,English
McG,This Means War ,Action|Comedy|Romance,English
David S. Goyer,Blade: Trinity ,Action|Adventure|Fantasy|Horror|Sci-Fi|Thriller,English
John Milius,Red Dawn ,Action|Drama|War,English
Mike Nichols,Primary Colors ,Comedy|Drama,English
Paul W.S. Anderson,Resident Evil: Retribution ,Action|Horror|Sci-Fi|Thriller,English
Paul W.S. Anderson,Death Race ,Action|Sci-Fi|Thriller,English
Renny Harlin,The Long Kiss Goodnight ,Action|Crime|Drama|Mystery|Thriller,English
Taylor Hackford,Proof of Life ,Action|Drama|Thriller,English
Jon Favreau,Zathura: A Space Adventure ,Action|Adventure|Comedy|Family|Fantasy|Sci-Fi,English
David Fincher,Fight Club ,Drama,English
McG,We Are Marshall ,Drama|Sport,English
null,The Missing             ,Crime|Drama|Mystery,English
Michael Lehmann,Hudson Hawk ,Action|Adventure|Comedy,English
Nora Ephron,Lucky Numbers ,Comedy|Crime,English
Stuart Beattie,"I, Frankenstein ",Action|Fantasy|Sci-Fi|Thriller,English
Roman Polanski,Oliver Twist ,Crime|Drama,English
Rob Bowman,Elektra ,Action|Crime|Fantasy|Thriller,English
Frank Miller,Sin City: A Dame to Kill For ,Action|Crime|Thriller,English
Sydney Pollack,Random Hearts ,Drama|Mystery|Romance,English
Baltasar Kormákur,Everest ,Adventure|Biography|Drama|History|Sport|Thriller,English
Tom Tykwer,Perfume: The Story of a Murderer ,Crime|Drama|Fantasy,English
Jay Roach,Austin Powers in Goldmember ,Action|Comedy|Crime,English
David Bowers,Astro Boy ,Action|Animation|Comedy|Family|Sci-Fi,English
Steven Spielberg,Jurassic Park ,Adventure|Sci-Fi|Thriller,English
Lawrence Kasdan,Wyatt Earp ,Adventure|Biography|Crime|Drama|Western,English
Phillip Noyce,Clear and Present Danger ,Action|Crime|Drama|Thriller,English
Daniel Lee,Dragon Blade ,Action|Adventure|Drama|History,Mandarin
Keenen Ivory Wayans,Littleman ,Comedy|Crime,English
Jonathan Mostow,U-571 ,Action|War,English
Rob Reiner,The American President ,Comedy|Drama|Romance,English
Marco Schnabel,The Love Guru ,Comedy|Romance|Sport,English
Demian Lichtenstein,3000 Miles to Graceland ,Action|Comedy|Crime|Thriller,English
Quentin Tarantino,The Hateful Eight ,Crime|Drama|Mystery|Thriller|Western,English
Josh Gordon,Blades of Glory ,Comedy|Sport,English
Tim Hill,Hop ,Adventure|Animation|Comedy|Family|Fantasy,English
Zack Snyder,300 ,Action|Drama|Fantasy|War,English
Jay Roach,Meet the Fockers ,Comedy|Romance,English
David Frankel,Marley & Me ,Comedy|Drama|Family,English
Frank Darabont,The Green Mile ,Crime|Drama|Fantasy|Mystery,English
Walt Becker,Wild Hogs ,Action|Adventure|Comedy,English
Mark Dindal,Chicken Little ,Adventure|Animation|Comedy|Family|Sci-Fi,English
David Fincher,Gone Girl ,Crime|Drama|Mystery|Thriller,English
Doug Liman,The Bourne Identity ,Action|Mystery|Thriller,English
Martin Campbell,GoldenEye ,Action|Adventure|Thriller,English
Simon West,The General's Daughter ,Drama|Mystery|Thriller,English
Peter Weir,The Truman Show ,Comedy|Drama|Sci-Fi,English
Brenda Chapman,The Prince of Egypt ,Adventure|Animation|Biography|Drama|Family|Fantasy|Musical,English
Steve Carr,Daddy Day Care ,Comedy|Family,English
Baltasar Kormákur,2 Guns ,Action|Comedy|Crime|Drama|Thriller,English
Lawrence Guterman,Cats & Dogs ,Action|Comedy|Family|Fantasy,English
F. Gary Gray,The Italian Job ,Action|Crime|Thriller,English
Marc Lawrence,Two Weeks Notice ,Comedy|Romance,English
Eric Darnell,Antz ,Adventure|Animation|Comedy|Family,English
Peter Billingsley,Couples Retreat ,Comedy,English
Tony Scott,Days of Thunder ,Action|Drama|Sport,English
Adam Shankman,Cheaper by the Dozen 2 ,Adventure|Comedy|Family,English
Wes Ball,The Scorch Trials ,Action|Sci-Fi|Thriller,English
Ryan Murphy,Eat Pray Love ,Drama|Romance,English
Brett Ratner,The Family Man ,Comedy|Drama|Fantasy|Romance,English
Robert Schwentke,RED ,Action|Comedy|Crime|Thriller,English
Oliver Stone,Any Given Sunday ,Drama|Sport,English
Robert Redford,The Horse Whisperer ,Drama|Romance|Western,English
Michael Mann,Collateral ,Crime|Drama|Thriller,English
Chuck Russell,The Scorpion King ,Action|Adventure|Fantasy|Thriller,English
Jay Russell,Ladder 49 ,Action|Drama|Thriller,English
Christopher McQuarrie,Jack Reacher ,Action|Crime|Mystery|Thriller,English
Renny Harlin,Deep Blue Sea ,Action|Sci-Fi|Thriller,English
Kenny Ortega,This Is It ,Documentary|Music,English
Steven Soderbergh,Contagion ,Drama|Thriller,English
David McNally,Kangaroo Jack ,Action|Adventure|Comedy|Crime,English
Henry Selick,Coraline ,Animation|Family|Fantasy,English
M. Night Shyamalan,The Happening ,Sci-Fi|Thriller,English
Tony Scott,Man on Fire ,Action|Crime|Drama|Thriller,English
Brian Robbins,The Shaggy Dog ,Comedy|Family|Fantasy,English
Todd Phillips,Starsky & Hutch ,Comedy|Crime,English
Brian Levant,Jingle All the Way ,Comedy|Family,English
Guillermo del Toro,Hellboy ,Action|Fantasy|Horror|Sci-Fi,English
Steven Zaillian,A Civil Action ,Drama,English
Chris Butler,ParaNorman ,Adventure|Animation|Comedy|Family|Fantasy,English
Michael Caton-Jones,The Jackal ,Action|Adventure|Crime|Thriller,English
John Woo,Paycheck ,Action|Mystery|Sci-Fi|Thriller,English
Jon Avnet,Up Close & Personal ,Drama|Romance,English
Sam Fell,The Tale of Despereaux ,Adventure|Animation|Comedy|Family|Fantasy,English
null,Rules of Engagement             ,Comedy|Romance,English
Kevin Donovan,The Tuxedo ,Action|Comedy|Sci-Fi,English
Geoff Murphy,Under Siege 2: Dark Territory ,Action|Thriller,English
Kenneth Branagh,Jack Ryan: Shadow Recruit ,Action|Drama|Thriller,English
David O. Russell,Joy ,Biography|Comedy|Drama,English
Babak Najafi,London Has Fallen ,Action|Crime|Drama|Thriller,English
Jean-Pierre Jeunet,Alien: Resurrection ,Action|Horror|Sci-Fi,English
Antoine Fuqua,Shooter ,Action|Crime|Drama|Mystery|Thriller,English
Graham Annable,The Boxtrolls ,Adventure|Animation|Comedy|Family|Fantasy,English
Griffin Dunne,Practical Magic ,Comedy|Drama|Fantasy|Romance,English
Phil Lord,The Lego Movie ,Action|Adventure|Animation|Comedy|Family|Fantasy,English
John Pasquin,Miss Congeniality 2: Armed and Fabulous ,Action|Comedy|Crime,English
Rob Bowman,Reign of Fire ,Action|Adventure|Fantasy|Sci-Fi|Thriller,English
Ruben Fleischer,Gangster Squad ,Action|Crime|Drama|Thriller,English
Harold Ramis,Year One ,Adventure|Comedy,English
Clint Eastwood,Invictus ,Biography|Drama|History|Sport,English
Kevin Macdonald,State of Play ,Crime|Drama|Mystery|Thriller,English
Tony Gilroy,Duplicity ,Comedy|Crime|Romance|Thriller,English
Donald Petrie,My Favorite Martian ,Comedy|Family|Sci-Fi,English
Clark Johnson,The Sentinel ,Action|Crime|Thriller,English
Jorge Blanco,Planet 51 ,Adventure|Animation|Comedy|Family|Sci-Fi,English
Stuart Baird,Star Trek: Nemesis ,Action|Adventure|Sci-Fi|Thriller,English
Joel Coen,Intolerable Cruelty ,Comedy|Crime|Romance,English
Robert Lorenz,Trouble with the Curve ,Drama|Sport,English
Martin Campbell,Edge of Darkness ,Crime|Drama|Mystery|Thriller,English
Peter Hyams,The Relic ,Horror|Mystery|Sci-Fi|Thriller,English
Harold Ramis,Analyze That ,Comedy|Crime,English
Jon Avnet,Righteous Kill ,Action|Crime|Drama|Mystery|Thriller,English
Harold Becker,Mercury Rising ,Action|Crime|Drama|Thriller,English
Joe Wright,The Soloist ,Biography|Drama|Music,English
Robert Redford,The Legend of Bagger Vance ,Drama|Fantasy|Sport,English
Cameron Crowe,Almost Famous ,Adventure|Comedy|Drama|Music,English
Tim Hill,Garfield 2 ,Animation|Comedy|Family|Fantasy,English
Lee Tamahori,xXx: State of the Union ,Action|Adventure|Crime|Thriller,English
Scott Stewart,Priest ,Action|Fantasy|Horror|Sci-Fi|Thriller,English
Patrick Gilmore,Sinbad: Legend of the Seven Seas ,Adventure|Animation|Comedy|Drama|Family|Fantasy|Romance,English
Paul W.S. Anderson,Event Horizon ,Horror|Sci-Fi|Thriller,English
Joss Whedon,The Avengers ,Action|Adventure|Sci-Fi,English
Tom Shadyac,Dragonfly ,Drama|Fantasy|Mystery|Romance|Thriller,English
Brian De Palma,The Black Dahlia ,Crime|Drama|Mystery|Thriller,English
Tony Bill,Flyboys ,Action|Adventure|Drama|History|Romance|War,English
Rod Lurie,The Last Castle ,Action|Drama|Thriller,English
Walter Hill,Supernova ,Horror|Sci-Fi|Thriller,English
Akiva Goldsman,Winter's Tale ,Drama|Fantasy|Mystery|Romance,English
Harald Zwart,The Mortal Instruments: City of Bones ,Fantasy|Horror|Mystery|Romance,English
Brian Robbins,Meet Dave ,Adventure|Comedy|Family|Romance|Sci-Fi,English
Walter Salles,Dark Water ,Drama|Horror|Thriller,English
Ron Howard,Edtv ,Comedy|Drama,English
Iain Softley,Inkheart ,Adventure|Family|Fantasy,English
Frank Miller,The Spirit ,Action|Crime|Fantasy|Thriller,English
David Koepp,Mortdecai ,Action|Comedy|Mystery|Romance,English
Uwe Boll,In the Name of the King: A Dungeon Siege Tale ,Action|Adventure|Fantasy|Thriller,English
Martin Campbell,Beyond Borders ,Adventure|Drama|Romance|War,English
Pou-Soi Cheang,Xi you ji zhi: Sun Wukong san da Baigu Jing ,Action|Adventure|Fantasy,English
John Dahl,The Great Raid ,Action|Drama|War,Filipino
Tim Miller,Deadpool ,Action|Adventure|Comedy|Romance|Sci-Fi,English
Stephen Herek,Holy Man ,Comedy|Drama,English
Clint Eastwood,American Sniper ,Action|Biography|Drama|History|Thriller|War,English
Rob Letterman,Goosebumps ,Adventure|Comedy|Family|Fantasy|Horror,English
null,"Sabrina, the Teenage Witch             ",Comedy|Family|Fantasy,English
Mark Waters,Just Like Heaven ,Comedy|Fantasy|Romance,English
Brian Levant,The Flintstones in Viva Rock Vegas ,Comedy|Family|Romance|Sci-Fi,English
Peter MacDonald,Rambo III ,Action|Adventure|Thriller|War,English
George Clooney,Leatherheads ,Comedy|Drama|Romance|Sport,English
Frank Coraci,The Ridiculous 6 ,Comedy|Western,English
Marc Lawrence,Did You Hear About the Morgans? ,Comedy|Drama|Romance,English
Shawn Levy,The Internship ,Comedy,English
Paul W.S. Anderson,Resident Evil: Afterlife ,Action|Adventure|Horror|Sci-Fi,English
Anthony Hemingway,Red Tails ,Action|Adventure|Drama|History|War,English
null,Sex and the City             ,Comedy|Romance,English
Taylor Hackford,The Devil's Advocate ,Drama|Mystery|Thriller,English
Sean Anders,That's My Boy ,Comedy,English
Rob Cohen,DragonHeart ,Action|Adventure|Fantasy,English
Brett Ratner,After the Sunset ,Action|Comedy|Crime|Drama,English
Mark Neveldine,Ghost Rider: Spirit of Vengeance ,Action|Fantasy|Thriller,English
John Madden,Captain Corelli's Mandolin ,Drama|Music|Romance|War,English
null,Anger Management             ,Comedy|Romance,English
Adam Shankman,The Pacifier ,Action|Comedy|Drama|Family|Thriller,English
Kevin Bray,Walking Tall ,Action|Crime,English
Robert Zemeckis,Forrest Gump ,Comedy|Drama,English
Tim Hill,Alvin and the Chipmunks ,Animation|Comedy|Family|Fantasy|Music,English
Jay Roach,Meet the Parents ,Comedy,English
Mike Gabriel,Pocahontas ,Adventure|Animation|Drama|Family|History|Musical|Romance,English
Richard Donner,Superman ,Action|Adventure|Drama|Romance|Sci-Fi,English
Tom Shadyac,The Nutty Professor ,Comedy|Romance|Sci-Fi,English
Andy Tennant,Hitch ,Comedy|Romance,English
Sam Weisman,George of the Jungle ,Action|Adventure|Comedy|Family|Romance,English
Jesse Dylan,American Wedding ,Comedy|Romance,English
Paul Greengrass,Captain Phillips ,Biography|Drama|Thriller,English
Shawn Levy,Date Night ,Comedy|Crime|Romance|Thriller,English
Brad Silberling,Casper ,Comedy|Family|Fantasy,English
Antoine Fuqua,The Equalizer ,Action|Crime|Thriller,English
Wayne Wang,Maid in Manhattan ,Comedy|Drama|Romance,English
Tony Scott,Crimson Tide ,Action|Drama|Thriller|War,English
Gabriele Muccino,The Pursuit of Happyness ,Biography|Drama,English
Robert Schwentke,Flightplan ,Drama|Mystery|Thriller,English
Barry Levinson,Disclosure ,Drama|Thriller,English
Brad Silberling,City of Angels ,Drama|Fantasy|Romance,English
Quentin Tarantino,Kill Bill: Vol. 1 ,Action,English
Frank Oz,Bowfinger ,Comedy,English
null,Stargate SG-1             ,Action|Adventure|Drama|Sci-Fi,English
Quentin Tarantino,Kill Bill: Vol. 2 ,Action|Crime|Drama|Thriller,English
Andrey Konchalovskiy,Tango & Cash ,Action|Comedy|Crime|Thriller,English
Robert Zemeckis,Death Becomes Her ,Comedy|Fantasy|Horror,English
Tom Dey,Shanghai Noon ,Action|Adventure|Comedy|Western,English
Stuart Baird,Executive Decision ,Action|Adventure|Thriller,English
Mark Waters,Mr. Popper's Penguins ,Comedy|Family|Fantasy,English
Rob Minkoff,The Forbidden Kingdom ,Action|Adventure|Fantasy,English
Jimmy Hayward,Free Birds ,Adventure|Animation|Comedy|Family,English
David Fincher,Alien 3 ,Action|Horror|Sci-Fi,English
Alan Parker,Evita ,Biography|Drama|History|Musical,English
John Frankenheimer,Ronin ,Action|Adventure|Crime|Thriller,English
Stephen Hopkins,The Ghost and the Darkness ,Adventure|Drama|Horror|Thriller,English
Paul King,Paddington ,Animation|Comedy|Family|Fantasy,English
Akiva Schaffer,The Watch ,Action|Comedy|Sci-Fi,English
William Friedkin,The Hunted ,Action|Crime|Drama|Thriller,English
Jon Turteltaub,Instinct ,Drama|Thriller,English
Bobby Farrelly,Stuck on You ,Comedy,English
Kent Alterman,Semi-Pro ,Comedy|Sport,English
Peter Lord,The Pirates! Band of Misfits ,Adventure|Animation|Comedy|Family,English
Clint Eastwood,Changeling ,Crime|Drama|Mystery|Thriller,English
Andrew Davis,Chain Reaction ,Action|Drama|Sci-Fi|Thriller,English
Tony Scott,The Fan ,Action|Drama|Sport|Thriller,English
Joel Schumacher,The Phantom of the Opera ,Drama|Musical|Romance|Thriller,English
Shekhar Kapur,Elizabeth: The Golden Age ,Biography|Drama|History|War,English
Karyn Kusama,Æon Flux ,Action|Sci-Fi,English
Ron Maxwell,Gods and Generals ,Drama|History|War,English
Robert Butler,Turbulence ,Action|Thriller,English
Karey Kirkpatrick,Imagine That ,Comedy|Drama|Family|Fantasy,English
James Bobin,Muppets Most Wanted ,Adventure|Comedy|Crime|Family|Musical,English
Jonathan Frakes,Thunderbirds ,Action|Adventure|Comedy|Family|Sci-Fi,English
Steve Antin,Burlesque ,Drama|Music|Musical|Romance,English
Jean-Pierre Jeunet,A Very Long Engagement ,Drama|Mystery|Romance|War,French
Stanley Kubrick,Lolita ,Crime|Drama|Romance,English
Jim Gillespie,Eye See You ,Crime|Horror|Mystery|Thriller,English
Guillermo del Toro,Blade II ,Action|Horror|Sci-Fi|Thriller,English
Gabriele Muccino,Seven Pounds ,Drama|Romance,English
Walter Hill,Bullet to the Head ,Action|Thriller,English
Francis Ford Coppola,The Godfather: Part III ,Crime|Drama,English
Cameron Crowe,Elizabethtown ,Comedy|Drama|Romance,English
Anthony Russo,"You, Me and Dupree ",Comedy|Romance,English
Richard Lester,Superman II ,Action|Adventure|Romance|Sci-Fi,English
Martin Brest,Gigli ,Comedy|Crime|Romance,English
Steven Zaillian,All the King's Men ,Drama|Thriller,English
John Singleton,Shaft ,Action|Crime|Thriller,English
Don Bluth,Anastasia ,Adventure|Animation|Drama|Family|Fantasy|Musical|Mystery|Romance,English
Baz Luhrmann,Moulin Rouge! ,Drama|Musical|Romance,English
Harold Becker,Domestic Disturbance ,Crime|Mystery|Thriller,English
Scott Cooper,Black Mass ,Biography|Crime|Drama,English
Clint Eastwood,Flags of Our Fathers ,Drama|History|War,English
F. Gary Gray,Law Abiding Citizen ,Crime|Drama|Thriller,English
Robert Rodriguez,Grindhouse ,Action|Horror|Thriller,English
Jonathan Demme,Beloved ,Drama|History|Horror,English
Curtis Hanson,Lucky You ,Drama|Romance|Sport,English
Steven Spielberg,Catch Me If You Can ,Biography|Crime|Drama,English
Kathryn Bigelow,Zero Dark Thirty ,Drama|History|Thriller,English
Peyton Reed,The Break-Up ,Comedy|Drama|Romance,English
Phyllida Lloyd,Mamma Mia! ,Comedy|Family|Musical|Romance,English
Garry Marshall,Valentine's Day ,Comedy|Romance,English
Jay Chandrasekhar,The Dukes of Hazzard ,Action|Adventure|Comedy,English
Terrence Malick,The Thin Red Line ,Drama|War,English
David Dobkin,The Change-Up ,Comedy|Fantasy,English
Milos Forman,Man on the Moon ,Biography|Comedy|Drama,English
Martin Scorsese,Casino ,Biography|Crime|Drama,English
Pierre Morel,From Paris with Love ,Action|Thriller,English
Paul Hunter,Bulletproof Monk ,Action|Comedy|Fantasy,English
Bobby Farrelly,"Me, Myself & Irene ",Comedy,English
Steve Oedekerk,Barnyard ,Animation|Comedy|Family,English
John Whitesell,Deck the Halls ,Comedy|Family,English
Chris Weitz,The Twilight Saga: New Moon ,Adventure|Drama|Fantasy|Romance,English
Andrew Adamson,Shrek ,Adventure|Animation|Comedy|Family|Fantasy,English
George Nolfi,The Adjustment Bureau ,Romance|Sci-Fi|Thriller,English
Kevin Reynolds,Robin Hood: Prince of Thieves ,Action|Adventure|Drama|Romance,English
Cameron Crowe,Jerry Maguire ,Comedy|Drama|Romance|Sport,English
Seth MacFarlane,Ted ,Comedy|Fantasy,English
James L. Brooks,As Good as It Gets ,Comedy|Drama|Romance,English
Tom Shadyac,Patch Adams ,Biography|Comedy|Drama|Romance,English
Adam McKay,Anchorman 2: The Legend Continues ,Comedy,English
Steven Brill,Mr. Deeds ,Comedy|Romance,English
J.J. Abrams,Super 8 ,Mystery|Sci-Fi|Thriller,English
Steven Soderbergh,Erin Brockovich ,Biography|Drama,English
Donald Petrie,How to Lose a Guy in 10 Days ,Comedy|Romance,English
Phil Lord,22 Jump Street ,Action|Comedy|Crime,English
Neil Jordan,Interview with the Vampire: The Vampire Chronicles ,Drama|Fantasy|Horror,English
Peyton Reed,Yes Man ,Comedy|Romance,English
Rawson Marshall Thurber,Central Intelligence ,Action|Comedy|Crime,English
Chris Columbus,Stepmom ,Comedy|Drama,English
Sean Anders,Daddy's Home ,Comedy|Family,English
Rob Marshall,Into the Woods ,Adventure|Comedy|Drama|Fantasy|Musical,English
Spike Lee,Inside Man ,Crime|Drama|Mystery|Thriller,English
Brian Helgeland,Payback ,Action|Crime|Drama|Thriller,English
Frank Marshall,Congo ,Action|Adventure|Mystery|Sci-Fi,English
Cameron Crowe,We Bought a Zoo ,Comedy|Drama|Family,English
Alex Proyas,Knowing ,Drama|Mystery|Sci-Fi|Thriller,English
Tom Dey,Failure to Launch ,Comedy|Romance,English
Hideo Nakata,The Ring Two ,Horror|Mystery,English
Glenn Ficarra,"Crazy, Stupid, Love. ",Comedy|Drama|Romance,English
Peter Hewitt,Garfield ,Animation|Comedy|Family|Fantasy,English
Joe Roth,Christmas with the Kranks ,Comedy|Family,English
Bennett Miller,Moneyball ,Biography|Drama|Sport,English
Wolfgang Petersen,Outbreak ,Action|Drama|Thriller,English
Jaume Collet-Serra,Non-Stop ,Action|Mystery|Thriller,English
Andy Fickman,Race to Witch Mountain ,Action|Adventure|Family|Fantasy|Sci-Fi|Thriller,English
James McTeigue,V for Vendetta ,Action|Drama|Thriller,English
David Dobkin,Shanghai Knights ,Action|Adventure|Comedy,English
null,Unforgotten             ,Crime|Drama,English
Matthew O'Callaghan,Curious George ,Adventure|Animation|Comedy|Family,English
Angela Robinson,Herbie Fully Loaded ,Adventure|Comedy|Family|Fantasy|Romance|Sport,English
Gary Fleder,Don't Say a Word ,Crime|Drama|Mystery|Thriller,English
Tommy Wirkola,Hansel & Gretel: Witch Hunters ,Action|Fantasy|Horror,English
Adrian Lyne,Unfaithful ,Drama|Thriller,English
D.J. Caruso,I Am Number Four ,Action|Adventure|Sci-Fi|Thriller,English
Stephen Gaghan,Syriana ,Drama|Thriller,English
Michael Bay,13 Hours ,Action|Drama|Thriller|War,English
Jorge R. Gutiérrez,The Book of Life ,Adventure|Animation|Comedy|Family|Fantasy|Romance,English
Richard Loncraine,Firewall ,Crime|Thriller,English
Clint Eastwood,Absolute Power ,Action|Crime|Drama|Thriller,English
Ridley Scott,G.I. Jane ,Action|Drama|War,English
David Fincher,The Game ,Drama|Mystery|Thriller,English
Christophe Gans,Silent Hill ,Adventure|Horror|Mystery,English
Howard Deutch,The Replacements ,Comedy|Sport,English
Jon Hurwitz,American Reunion ,Comedy,English
F. Gary Gray,The Negotiator ,Action|Crime|Drama|Mystery|Thriller,English
Steven Quale,Into the Storm ,Action|Thriller,English
John Landis,Beverly Hills Cop III ,Action|Comedy|Crime|Thriller,English
Joe Dante,Gremlins 2: The New Batch ,Comedy|Fantasy|Horror,English
David Dobkin,The Judge ,Crime|Drama,English
Mimi Leder,The Peacemaker ,Action|Thriller,English
Alexander Witt,Resident Evil: Apocalypse ,Action|Horror|Sci-Fi|Thriller,English
Beeban Kidron,Bridget Jones: The Edge of Reason ,Comedy|Drama|Romance,English
Carl Franklin,Out of Time ,Crime|Drama|Romance|Thriller,English
Steven Seagal,On Deadly Ground ,Action|Adventure|Thriller,English
Robert Rodriguez,The Adventures of Sharkboy and Lavagirl 3-D ,Action|Adventure|Family|Fantasy,English
Danny Boyle,The Beach ,Adventure|Drama|Thriller,English
Garry Marshall,Raising Helen ,Comedy|Drama|Romance,English
James McTeigue,Ninja Assassin ,Action|Crime|Thriller,English
Sam Raimi,For Love of the Game ,Drama|Romance|Sport,English
null,A Touch of Frost             ,Crime|Drama|Mystery,English
Andrew Bergman,Striptease ,Comedy|Crime|Drama|Thriller,English
Tom Dey,Marmaduke ,Comedy|Family,English
Clint Eastwood,Hereafter ,Drama|Fantasy,English
Barbet Schroeder,Murder by Numbers ,Crime|Mystery|Thriller,English
Richard Donner,Assassins ,Action|Crime|Thriller,English
